,Upper Colorado Region,Great Basin Region,California Region,Lower Colorado Region,Pacific Northwest Region
Upper Colorado Region,1.0,0.6556721078735531,0.27895274791298064,0.6653915595290762,-0.026439629126616928
Great Basin Region,0.6556721078735531,1.0,0.6956437844266617,0.4902593488333049,0.2559120963900128
California Region,0.27895274791298064,0.6956437844266617,1.0,0.31298305195827925,0.399539095166096
Lower Colorado Region,0.6653915595290762,0.4902593488333049,0.31298305195827925,1.0,-0.18828914695097473
Pacific Northwest Region,-0.026439629126616928,0.2559120963900128,0.399539095166096,-0.18828914695097473,1.0
